file_id,meta,left,node,right,freq,ttr,entropy,section
W_JPN_PTJ_A2_0_006,JPN,I agree the statement which,it is important,for college students to have,367,0.182,0.636,top
W_JPN_PTJ_B1_2_36,JPN,'s why I agree that,it is important,for college students to have,367,0.182,0.636,top
W_JPN_PTJ_A2_0_133,JPN,agree with the idea that,it is important,to have a part time,367,0.182,0.636,top
W_JPN_PTJ_A2_0_047,JPN,disagree with the statement that,it is important,for college students to have,367,0.182,0.636,top
W_JPN_PTJ_B1_1_072,JPN,job . But I think,it is important,to do both of them,367,0.182,0.636,top
W_JPN_PTJ_A2_0_123,JPN,I agree the idea that,it is important,for college students to have,367,0.182,0.636,top
W_JPN_PTJ_A2_0_086,JPN,"in school . So ,",it is important,for us to learn what,367,0.182,0.636,top
W_JPN_SMK_B2_0_12,JPN,"solve the problem , so",it is important,for us to think of,367,0.182,0.636,top
W_JPN_PTJ_A2_0_093,JPN,college . So I think,it is important,for them to have a,367,0.182,0.636,top
W_JPN_PTJ_B1_2_10,JPN,I agree the statement that,it is important,for college students to have,367,0.182,0.636,top
W_ENS_PTJ_XX2_14,ENS,"while working . Secondly ,",it is important,to consider the character -,367,0.182,0.636,top
W_JPN_PTJ_B1_2_42,JPN,fulfillment . So I think,it is important,to have a part time,367,0.182,0.636,top
W_JPN_PTJ_A2_0_058,JPN,agree with the statement that,it is important,for college students to have,367,0.182,0.636,top
W_JPN_PTJ_A2_0_151,JPN,"of life . Surely ,",it is important,to have a part time,367,0.182,0.636,top
W_JPN_PTJ_A2_0_074,JPN,statement . And I think,it is important,for college students t o,367,0.182,0.636,top
W_ENS_PTJ_XX1_088,ENS,leave college . I think,it is important,to have a part time,367,0.182,0.636,top
W_JPN_PTJ_B1_2_03,JPN,I agree that,it is important,for college students to have,367,0.182,0.636,top
W_JPN_SMK_A2_0_068,JPN,cigarette . I think that,it is important,to watch from various angles,367,0.182,0.636,top
W_JPN_PTJ_B1_1_152,JPN,I think,it is important,for college students to have,367,0.182,0.636,top
W_JPN_PTJ_A2_0_073,JPN,"these reasons , I think",it is important,for college students to have,367,0.182,0.636,top
W_ENS_PTJ_XX1_009,ENS,by their parents and so,it is important,to learn how to make,367,0.182,0.636,top
W_JPN_PTJ_B1_1_062,JPN,. But I think that,it is important,to do part time job,367,0.182,0.636,top
W_JPN_PTJ_B1_1_128,JPN,I think that,it is important,for college students to have,367,0.182,0.636,top
W_JPN_PTJ_B1_2_25,JPN,disagree with the statement that,it is important,for college students to have,367,0.182,0.636,top
W_JPN_PTJ_B1_2_04,JPN,agree with the statement that,it is important,for college students to have,367,0.182,0.636,top
W_JPN_SMK_A2_0_084,JPN,"lunch in the restaurant ,",it is important,to stop smoking .,367,0.182,0.636,top
W_JPN_PTJ_A2_0_142,JPN,three reasons why I think,it is important,". First of all ,",367,0.182,0.636,top
W_JPN_PTJ_B1_2_05,JPN,agree with this statement that,it is important,for college students to have,367,0.182,0.636,top
W_JPN_PTJ_B2_0_11,JPN,. Therefore I agree that,it is important,for college students to have,367,0.182,0.636,top
W_JPN_PTJ_A2_0_100,JPN,I think that,it is important,for college students to have,367,0.182,0.636,top
W_JPN_PTJ_B1_1_173,JPN,my friends told me that,it is important,to know our society is,367,0.182,0.636,top
W_JPN_PTJ_B1_2_40,JPN,I think,it is important,for college students to have,367,0.182,0.636,top
W_JPN_SMK_B1_1_110,JPN,"enjoy eating . Therefore ,",it is important,to separate each area .,367,0.182,0.636,top
W_JPN_PTJ_B2_0_13,JPN,". So , I think",it is important,for college students to have,367,0.182,0.636,top
W_JPN_PTJ_B1_1_044,JPN,life . So I think,it is important,for college students to have,367,0.182,0.636,top
W_ENS_PTJ_XX1_008,ENS,for them and I think,it is important,for us to learn how,367,0.182,0.636,top
W_JPN_PTJ_B1_1_072,JPN,up by them . Secondly,it is important,to earn money I spend,367,0.182,0.636,top
W_JPN_PTJ_B1_1_063,JPN,me . Therefore I think,it is important,for college students to have,367,0.182,0.636,top
W_JPN_PTJ_B1_1_104,JPN,and people . I feel,it is important,to spend a limited time,367,0.182,0.636,top
W_JPN_PTJ_A2_0_079,JPN,I think,it is important,for college students to have,367,0.182,0.636,top
W_JPN_PTJ_B1_1_131,JPN,agree with the opinion that,it is important,for college students to have,367,0.182,0.636,top
W_JPN_PTJ_A2_0_094,JPN,"reasons , I think that",it is important,for college students to have,367,0.182,0.636,top
W_ENS_PTJ_XX1_006,ENS,friends and family think that,it is important,for college students to have,367,0.182,0.636,top
W_JPN_PTJ_B1_1_127,JPN,I agree that,it is important,for college students to have,367,0.182,0.636,top
W_JPN_PTJ_B1_1_030,JPN,That 's why I think,it is important,for college student to have,367,0.182,0.636,top
W_JPN_PTJ_A2_0_103,JPN,I think,it is important,for college students to have,367,0.182,0.636,top
W_ENS_PTJ_XX3_42,ENS,I agree that,it is important,. Students quite often think,367,0.182,0.636,top
W_JPN_PTJ_B2_0_12,JPN,is why I think that,it is important,for students to get work,367,0.182,0.636,top
W_ENS_PTJ_XX3_09,ENS,"a job then yes ,",it is important,to have a part -,367,0.182,0.636,top
W_JPN_PTJ_A2_0_070,JPN,I agree this opinion that,it is important,for college students to have,367,0.182,0.636,top
W_JPN_SMK_B1_1_114,JPN,I suggest that,it is important,not only in Japan but,367,0.182,0.636,top
W_JPN_PTJ_B1_2_48,JPN,agree with the idea that,it is important,for college students to have,367,0.182,0.636,top
W_JPN_PTJ_A2_0_139,JPN,and so on . Therefore,it is important,for college students to have,367,0.182,0.636,top
W_JPN_PTJ_A2_0_049,JPN,I think,it is important,for college students to have,367,0.182,0.636,top
W_JPN_PTJ_B1_1_134,JPN,I think that,it is important,for college students to have,367,0.182,0.636,top
W_ENS_PTJ_XX3_19,ENS,agree with the statement that,it is important,for college students to have,367,0.182,0.636,top
W_JPN_PTJ_B1_1_066,JPN,guitar . So I think,it is important,for college students to have,367,0.182,0.636,top
W_ENS_PTJ_XX1_080,ENS,"The opinion , that",it is important,for college student to have,367,0.182,0.636,top
W_JPN_PTJ_B1_1_066,JPN,I agree that,it is important,for college students to have,367,0.182,0.636,top
W_JPN_PTJ_B1_1_106,JPN,"these reasons , I think",it is important,for college students to have,367,0.182,0.636,top
W_JPN_PTJ_A2_0_081,JPN,"become happiness . Third ,",it is important,for a part time job,367,0.182,0.636,top
W_JPN_PTJ_B1_2_42,JPN,I think,it is important,for college students to have,367,0.182,0.636,top
W_JPN_PTJ_A2_0_053,JPN,I think,it is important,for college students to have,367,0.182,0.636,top
W_JPN_SMK_A2_0_037,JPN,restaurant but also other places,it is important,for them to understand their,367,0.182,0.636,top
W_JPN_PTJ_B1_2_01,JPN,I agree this statement that,it is important,for college students to have,367,0.182,0.636,top
W_JPN_PTJ_A2_0_128,JPN,I think that,it is important,for college students to have,367,0.182,0.636,top
W_JPN_PTJ_A2_0_020,JPN,This is why I think,it is important,for college students to have,367,0.182,0.636,top
W_JPN_PTJ_A2_0_067,JPN,I think,it is important,for college students to have,367,0.182,0.636,top
W_JPN_PTJ_B2_0_11,JPN,I think,it is important,for college students to have,367,0.182,0.636,top
W_JPN_PTJ_A2_0_060,JPN,I think,it is important,to have a part time,367,0.182,0.636,top
W_JPN_PTJ_B1_1_136,JPN,"three reasons , I believe",it is important,for college people to have,367,0.182,0.636,top
W_JPN_PTJ_B1_1_018,JPN,I agree that,it is important,for college students to have,367,0.182,0.636,top
W_JPN_PTJ_A2_0_012,JPN,I think,it is important,for college students to have,367,0.182,0.636,top
W_JPN_PTJ_B1_1_158,JPN,I think,it is important,for college students to have,367,0.182,0.636,top
W_JPN_PTJ_B1_1_060,JPN,I think,it is important,for college students to have,367,0.182,0.636,top
W_JPN_PTJ_B1_1_105,JPN,agree with an opinion that,it is important,for college students to have,367,0.182,0.636,top
W_JPN_PTJ_A2_0_026,JPN,I agree that,it is important,for college students to have,367,0.182,0.636,top
W_JPN_PTJ_B1_1_154,JPN,statement . I think that,it is important,for college students to have,367,0.182,0.636,top
W_JPN_PTJ_A2_0_073,JPN,similar age . I think,it is important,for us to communicate with,367,0.182,0.636,top
W_JPN_PTJ_A2_0_092,JPN,I think,it is important,for college students to have,367,0.182,0.636,top
W_JPN_PTJ_A2_0_077,JPN,. Therefore I think that,it is important,for college students to have,367,0.182,0.636,top
W_JPN_PTJ_A2_0_044,JPN,time job . I think,it is important,to gain social experience by,367,0.182,0.636,top
W_JPN_PTJ_B1_1_169,JPN,disagree with the opinion that,it is important,for college students to have,367,0.182,0.636,top
W_ENS_PTJ_XX1_001,ENS,I do n't believe that,it is important,for students to have a,367,0.182,0.636,top
W_JPN_PTJ_A2_0_110,JPN,agree that . I think,it is important,for college students to have,367,0.182,0.636,top
W_JPN_PTJ_B1_1_058,JPN,agree with the statement that,it is important,for students to have a,367,0.182,0.636,top
W_ENS_PTJ_XX3_46,ENS,I do n't believe that,it is important,while they are at college,367,0.182,0.636,top
W_JPN_PTJ_B1_1_150,JPN,", I agree the idea",it is important,for college students to have,367,0.182,0.636,top
W_JPN_PTJ_B1_2_15,JPN,"of these , I think",it is important,for college student to have,367,0.182,0.636,top
W_JPN_PTJ_B1_1_114,JPN,agree with the opinion that,it is important,for college students to have,367,0.182,0.636,top
W_JPN_PTJ_B1_2_29,JPN,I think that,it is important,for college student to have,367,0.182,0.636,top
W_ENS_PTJ_XX2_15,ENS,I do not think,it is important,for college students to have,367,0.182,0.636,top
W_JPN_PTJ_B1_1_035,JPN,is why I think that,it is important,for college students to have,367,0.182,0.636,top
W_ENS_PTJ_XX3_01,ENS,. I do believe that,it is important,for the kids to stay,367,0.182,0.636,top
W_JPN_PTJ_B1_1_082,JPN,adults . So I think,it is important,for college students to have,367,0.182,0.636,top
W_ENS_PTJ_XX1_078,ENS,I do not personally think,it is important,for college students to have,367,0.182,0.636,top
W_JPN_PTJ_A2_0_077,JPN,I think that,it is important,for college students to have,367,0.182,0.636,top
W_JPN_SMK_A2_0_080,JPN,tobacco tax . In Japan,it is important,to receive tobacco tax .,367,0.182,0.636,top
W_JPN_PTJ_B1_1_175,JPN,My opinion is that,it is important,for college students to have,367,0.182,0.636,top
W_JPN_PTJ_B1_2_49,JPN,things . So I think,it is important,for young people to have,367,0.182,0.636,top
W_JPN_PTJ_B1_1_097,JPN,agree with this idea that,it is important,for college students to have,367,0.182,0.636,top
W_JPN_PTJ_B1_1_068,JPN,human relationships . I thought,it is important,not only to teach subjects,367,0.182,0.636,top
W_JPN_PTJ_B1_1_138,JPN,I think that,it is important,for college students to have,367,0.182,0.636,top
W_JPN_PTJ_B1_1_063,JPN,I think,it is important,for college students to have,367,0.182,0.636,top
W_JPN_PTJ_A2_0_063,JPN,I agree that,it is important,for college students to have,367,0.182,0.636,top
W_ENS_PTJ_XX1_023,ENS,make sense to say that,it is important,for college students to have,367,0.182,0.636,top
W_JPN_PTJ_B1_1_115,JPN,I also think that,it is important,for college students to have,367,0.182,0.636,top
W_ENS_PTJ_XX3_18,ENS,I agree and do believe,it is important,for college students to have,367,0.182,0.636,top
W_JPN_PTJ_B1_1_033,JPN,I think that,it is important,for college students to have,367,0.182,0.636,top
W_JPN_PTJ_B1_1_118,JPN,", I agree with that",it is important,for college students to have,367,0.182,0.636,top
W_JPN_SMK_A2_0_143,JPN,"from smoking . Thus ,",it is important,for us to increase or,367,0.182,0.636,top
W_JPN_PTJ_A2_0_135,JPN,"for most of student ,",it is important,", but if you had",367,0.182,0.636,top
W_ENS_PTJ_XX3_43,ENS,I do n't believe that,it is important,to have one just because,367,0.182,0.636,top
W_JPN_PTJ_B1_1_038,JPN,I think,it is important,for collage students to have,367,0.182,0.636,top
W_JPN_PTJ_A2_0_038,JPN,I think,it is important,for college students to have,367,0.182,0.636,top
W_JPN_PTJ_A2_0_020,JPN,grown your mind . Third,it is important,for college students to bring,367,0.182,0.636,top
W_JPN_PTJ_A2_0_130,JPN,study . I think that,it is important,for the college student to,367,0.182,0.636,top
W_JPN_PTJ_A2_0_066,JPN,I agree the statement that,it is important,for college students to have,367,0.182,0.636,top
W_JPN_PTJ_B1_1_143,JPN,I think that,it is important,for college students to have,367,0.182,0.636,top
W_JPN_PTJ_A2_0_060,JPN,it . So I think,it is important,to have a part time,367,0.182,0.636,top
W_JPN_PTJ_A2_0_072,JPN,students . So I think,it is important,for us to have a,367,0.182,0.636,top
W_JPN_PTJ_A2_0_028,JPN,I think,it is important,for college students to have,367,0.182,0.636,top
W_JPN_PTJ_B1_1_035,JPN,I agree with that,it is important,for college students to have,367,0.182,0.636,top
W_JPN_PTJ_B1_1_139,JPN,". So , I think",it is important,that we have to fulfill,367,0.182,0.636,top
W_JPN_PTJ_A2_0_146,JPN,". So , I think",it is important,for collage students to have,367,0.182,0.636,top
W_JPN_PTJ_A2_0_089,JPN,agree with this statement which,it is important,for college students to have,367,0.182,0.636,top
W_JPN_PTJ_B1_1_040,JPN,"with the following statement ,",it is important,for college students to have,367,0.182,0.636,top
W_JPN_PTJ_B1_1_132,JPN,I think,it is important,for college students to have,367,0.182,0.636,top
W_JPN_PTJ_B1_1_141,JPN,I think,it is important,for collage students to have,367,0.182,0.636,top
W_JPN_PTJ_A2_0_136,JPN,I think,it is important,for college students to have,367,0.182,0.636,top
W_JPN_PTJ_B1_2_38,JPN,I agree the statement that,it is important,for college students to have,367,0.182,0.636,top
W_JPN_PTJ_B1_1_027,JPN,disagree with the idea that,it is important,for college students to have,367,0.182,0.636,top
W_ENS_PTJ_XX2_42,ENS,agree and I believe that,it is important,for college students to have,367,0.182,0.636,top
W_JPN_PTJ_B1_2_15,JPN,agree with this idea that,it is important,for college students to have,367,0.182,0.636,top
W_ENS_PTJ_XX3_27,ENS,", I do not think",it is important,for them to work part,367,0.182,0.636,top
W_JPN_PTJ_B1_1_079,JPN,"do n't like , but",it is important,to do job together .,367,0.182,0.636,top
W_JPN_PTJ_A2_0_078,JPN,I think,it is important,for college students to have,367,0.182,0.636,top
W_JPN_PTJ_B1_2_36,JPN,I agree that,it is important,for college students to have,367,0.182,0.636,top
W_JPN_PTJ_B1_2_22,JPN,agree with the opinion that,it is important,for college students to have,367,0.182,0.636,top
W_JPN_PTJ_A2_0_050,JPN,", I want to say",it is important,to have a part time,367,0.182,0.636,top
W_JPN_PTJ_B1_1_101,JPN,. So I think that,it is important,for college students to have,367,0.182,0.636,top
W_JPN_PTJ_A2_0_138,JPN,But I also think that,it is important,for them to experience various,367,0.182,0.636,top
W_JPN_SMK_B1_1_020,JPN,spaces . So I think,it is important,for smoking to be banned,367,0.182,0.636,top
W_JPN_PTJ_A2_0_065,JPN,"above , I think that",it is important,for college students to have,367,0.182,0.636,top
W_JPN_PTJ_B1_1_020,JPN,opinion . Because I think,it is important,for university students to learn,367,0.182,0.636,top
W_JPN_PTJ_B1_1_064,JPN,"reasons , I think that",it is important,for college students to have,367,0.182,0.636,top
W_JPN_PTJ_A2_0_093,JPN,statement . Because I think,it is important,for college students to study,367,0.182,0.636,top
W_ENS_PTJ_XX2_44,ENS,need to work or that,it is important,"for them , because clearly",367,0.182,0.636,top
W_ENS_PTJ_XX3_46,ENS,jump to the conclusion that,it is important,for everybody .,367,0.182,0.636,top
W_JPN_PTJ_B1_1_016,JPN,"closing adults . Third ,",it is important,for them to have an,367,0.182,0.636,top
W_JPN_PTJ_A2_0_052,JPN,"conclusion , I agree that",it is important,for college students to have,367,0.182,0.636,top
W_JPN_PTJ_B1_1_031,JPN,"be an engineer , so",it is important,to learn operating machines and,367,0.182,0.636,top
W_ENS_PTJ_XX2_24,ENS,I do n't think that,it is important,for college students to have,367,0.182,0.636,top
W_ENS_PTJ_XX2_44,ENS,I agree that,it is important,"but for some students ,",367,0.182,0.636,top
W_JPN_PTJ_B1_1_068,JPN,agree with the idea that,it is important,for colleague student to have,367,0.182,0.636,top
W_JPN_PTJ_B1_2_07,JPN,agree with the idea that,it is important,to for college students to,367,0.182,0.636,top
W_JPN_PTJ_A2_0_047,JPN,I do n't think that,it is important,for college students to have,367,0.182,0.636,top
W_JPN_PTJ_B1_1_060,JPN,From such thing I think,it is important,for college students to have,367,0.182,0.636,top
W_JPN_PTJ_B1_1_053,JPN,agree with the statement that,it is important,for college student to have,367,0.182,0.636,top
W_JPN_PTJ_A2_0_122,JPN,worker . So I think,it is important,for college students to have,367,0.182,0.636,top
W_JPN_PTJ_A2_0_028,JPN,these reason I think that,it is important,for college students to have,367,0.182,0.636,top
W_ENS_PTJ_XX1_072,ENS,agree with the topic that,it is important,for college students to have,367,0.182,0.636,top
W_JPN_PTJ_B1_1_176,JPN,"trouble surely . So ,",it is important,for college students to have,367,0.182,0.636,top
W_JPN_PTJ_B1_1_134,JPN,"way , I think that",it is important,for college students to have,367,0.182,0.636,top
W_JPN_PTJ_A2_0_032,JPN,it is very high but,it is important,to try to pay such,367,0.182,0.636,top
W_JPN_SMK_B1_1_002,JPN,of restaurants clean . And,it is important,for people who go to,367,0.182,0.636,top
W_JPN_PTJ_B1_1_136,JPN,I think that,it is important,for college people to have,367,0.182,0.636,top
W_JPN_PTJ_A2_0_081,JPN,"time job . First ,",it is important,for a part time job,367,0.182,0.636,top
W_JPN_PTJ_B1_1_153,JPN,agree with the statement that,it is important,for college students to have,367,0.182,0.636,top
W_JPN_PTJ_B2_0_16,JPN,agree with the idea that,it is important,thing for college student to,367,0.182,0.636,top
W_JPN_PTJ_A2_0_146,JPN,I think,it is important,for collage students to have,367,0.182,0.636,top
W_JPN_PTJ_B1_1_077,JPN,I think,it is important,for college students to have,367,0.182,0.636,top
W_ENS_PTJ_XX1_004,ENS,"So , I think that",it is important,for college students to work,367,0.182,0.636,top
W_JPN_PTJ_A2_0_144,JPN,I think,it is important,for college students to have,367,0.182,0.636,top
W_JPN_PTJ_B2_0_02,JPN,for many students . So,it is important,for college students to have,367,0.182,0.636,top
W_JPN_PTJ_B1_2_21,JPN,. But my employer said,it is important,to cope with the problem,367,0.182,0.636,top
W_JPN_PTJ_B1_2_40,JPN,I agree the opinion that,it is important,for college student to have,367,0.182,0.636,top
W_JPN_PTJ_B1_1_151,JPN,agree with the statement that,it is important,for college students to have,367,0.182,0.636,top
W_ENS_PTJ_XX1_062,ENS,agree with the statement that,it is important,for college students to have,367,0.182,0.636,top
W_JPN_PTJ_B2_0_07,JPN,disagree for the statement that,it is important,for college students to have,367,0.182,0.636,top
W_JPN_PTJ_A2_0_010,JPN,. My opinion is that,it is important,for high school students to,367,0.182,0.636,top
W_JPN_PTJ_B1_1_088,JPN,I think,it is important,for college students to have,367,0.182,0.636,top
W_JPN_SMK_A2_0_064,JPN,eat delicious meal . So,it is important,to ban smoking at all,367,0.182,0.636,top
W_JPN_PTJ_A2_0_002,JPN,my parents . I think,it is important,for us to know how,367,0.182,0.636,top
W_JPN_PTJ_B1_1_129,JPN,I agree that,it is important,for college students to have,367,0.182,0.636,top
W_ENS_PTJ_XX3_55,ENS,very real work experience .,It is important,that students learn that they,47,0.182,0.636,top
W_JPN_PTJ_A2_0_075,JPN,. That is wage .,It is important,to use the money earned,47,0.182,0.636,top
W_JPN_PTJ_A2_0_036,JPN,"with the following statement """,It is important,for college students to have,47,0.182,0.636,top
W_ENS_SMK_XX3_09,ENS,be far from popular .,It is important,that we stand fast when,47,0.182,0.636,top
W_JPN_PTJ_A2_0_019,JPN,detail of the job .,It is important,that we choose a job,47,0.182,0.636,top
W_JPN_PTJ_B2_0_15,JPN,following statement ? 1 .,It is important,for college students to have,47,0.182,0.636,top
W_JPN_PTJ_B1_1_033,JPN,will try your best .,It is important,for student to select the,47,0.182,0.636,top
W_ENS_PTJ_XX1_079,ENS,>>,It is important,for college students to have,47,0.182,0.636,top
W_JPN_PTJ_A2_0_134,JPN,and part time jobs .,It is important,for students to study in,47,0.182,0.636,top
W_JPN_PTJ_B1_1_055,JPN,>>,It is important,for college students to have,47,0.182,0.636,top
W_JPN_PTJ_A2_0_061,JPN,can get new knowledge .,It is important,for college students to have,47,0.182,0.636,top
W_JPN_PTJ_B1_1_061,JPN,is to study society .,It is important,for a person who goes,47,0.182,0.636,top
W_JPN_PTJ_A2_0_141,JPN,>>,It is important,for collage students to have,47,0.182,0.636,top
W_JPN_PTJ_B2_0_15,JPN,study the real world .,It is important,for college students to know,47,0.182,0.636,top
W_JPN_SMK_B1_1_054,JPN,who do n't smoke .,It is important,to think about other people,47,0.182,0.636,top
W_JPN_PTJ_B1_1_008,JPN,>>,It is important,for collage students to have,47,0.182,0.636,top
W_JPN_PTJ_B1_1_029,JPN,"agree with the statement """,It is important,for college students to have,47,0.182,0.636,top
W_ENS_PTJ_XX1_032,ENS,working in these areas .,It is important,to spend as much time,47,0.182,0.636,top
W_JPN_PTJ_B1_1_170,JPN,>>,It is important,for college students to have,47,0.182,0.636,top
W_JPN_SMK_B1_1_072,JPN,of flavor of coffee .,It is important,to keep taste of foods,47,0.182,0.636,top
W_JPN_PTJ_A2_0_036,JPN,"with the following statement """,It is important,for college students to have,47,0.182,0.636,top
W_JPN_SMK_A2_0_010,JPN,"smell , and taste .",It is important,for the dish to be,47,0.182,0.636,top
W_JPN_PTJ_B1_1_076,JPN,a part time job .,It is important,for them to have experience,47,0.182,0.636,top
W_JPN_PTJ_B1_1_087,JPN,how easy it is .,It is important,to have a job .,47,0.182,0.636,top
W_JPN_PTJ_B1_1_073,JPN,with people in workplace .,It is important,for us to make friends,47,0.182,0.636,top
W_JPN_PTJ_B1_1_166,JPN,>>,It is important,for college students to have,47,0.182,0.636,top
W_JPN_PTJ_A2_0_044,JPN,I agree with this opinion,It is important,for college students to have,47,0.182,0.636,top
W_ENS_PTJ_XX3_24,ENS,a happy hiring official .,It is important,to note however that there,47,0.182,0.636,top
W_JPN_PTJ_B1_1_039,JPN,agree with the statement :,It is important,for college students to have,47,0.182,0.636,top
W_JPN_PTJ_B1_2_20,JPN,I agree with the statement,It is important,for college students to have,47,0.182,0.636,top
W_ENS_PTJ_XX1_072,ENS,are kind of counterproductive .,It is important,to learn how to work,47,0.182,0.636,top
W_JPN_PTJ_B1_1_034,JPN,grow to be adult .,It is important,to communicate many people for,47,0.182,0.636,top
W_JPN_PTJ_B1_2_20,JPN,I agree with the statement,It is important,for college students to have,47,0.182,0.636,top
W_JPN_PTJ_B1_1_064,JPN,"job , I think .",It is important,to know what is working,47,0.182,0.636,top
W_JPN_PTJ_A2_0_056,JPN,"agree with the statement ,",It is important,for collage students to have,47,0.182,0.636,top
W_JPN_PTJ_A2_0_139,JPN,things through these experiments .,It is important,for working to communicate well,47,0.182,0.636,top
W_JPN_PTJ_A2_0_080,JPN,to accustom to working .,It is important,to experience for work .,47,0.182,0.636,top
W_JPN_SMK_A2_0_086,JPN,lunch or dinner there .,It is important,for us to keep manner,47,0.182,0.636,top
W_JPN_PTJ_A2_0_040,JPN,to do in society .,It is important,for students to select their,47,0.182,0.636,top
W_JPN_PTJ_B1_1_087,JPN,with this idea of ',It is important,for college students to have,47,0.182,0.636,top
W_JPN_PTJ_A2_0_005,JPN,different from college friends .,It is important,to hear many kinds of,47,0.182,0.636,top
W_ENS_PTJ_XX2_42,ENS,job while attending college .,It is important,because the current global economic,47,0.182,0.636,top
W_JPN_PTJ_B1_2_27,JPN,a part time job .,It is important,for them to make money,47,0.182,0.636,top
W_JPN_PTJ_B1_2_43,JPN,studies in their college .,It is important,to work moderately . The,47,0.182,0.636,top
W_JPN_PTJ_B1_1_003,JPN,"agree to the statement ,",It is important,for college students to have,47,0.182,0.636,top
W_JPN_PTJ_B1_1_026,JPN,who are same they .,It is important,for college students to understand,47,0.182,0.636,top
W_JPN_SMK_B1_1_002,JPN,the air sometimes etc .,It is important,for restaurant to keep the,47,0.182,0.636,top
W_JPN_SMK_A2_0_051,JPN,"in terms of management ,",it is good,to build the restaurants for,39,0.182,0.636,top
W_JPN_SMK_A2_0_095,JPN,". I think , but",it is good,to suffer damage themselves by,39,0.182,0.636,top
W_ENS_SMK_XX3_56,ENS,of the bans suggest that,it is good,for reducing smoking and also,39,0.182,0.636,top
W_JPN_PTJ_B1_2_35,JPN,", it is because that",it is good,chance for college students to,39,0.182,0.636,top
W_JPN_PTJ_B1_2_13,JPN,I think that,it is good,for students of a university,39,0.182,0.636,top
W_JPN_PTJ_A2_0_140,JPN,"job . First reason ,",it is good,for employers . College students,39,0.182,0.636,top
W_JPN_SMK_A2_0_058,JPN,bad . I think that,it is good,to make the partition wall,39,0.182,0.636,top
W_JPN_PTJ_A2_0_040,JPN,completely . So I think,it is good,to have a part time,39,0.182,0.636,top
W_JPN_PTJ_A2_0_120,JPN,"them . Of course ,",it is good,to work for four years,39,0.182,0.636,top
W_JPN_PTJ_A2_0_117,JPN,I think,it is good,for college students to have,39,0.182,0.636,top
W_JPN_PTJ_B1_2_39,JPN,"very much . So ,",it is good,for us to work part,39,0.182,0.636,top
W_JPN_SMK_A2_0_034,JPN,"thing , I think that",it is good,not to exclude only one,39,0.182,0.636,top
W_JPN_PTJ_B1_2_02,JPN,. I ca n't think,it is good,for her . In that,39,0.182,0.636,top
W_JPN_SMK_B2_0_14,JPN,"body sure . But ,",it is good,taste for us . So,39,0.182,0.636,top
W_JPN_SMK_B1_1_024,JPN,". When we eat ,",it is good,for smoking people and non,39,0.182,0.636,top
W_JPN_SMK_B2_0_15,JPN,"live long , and also",it is good,for smoker . Thus smoking,39,0.182,0.636,top
W_JPN_PTJ_B1_2_13,JPN,"good at using times ,",it is good,for him or her to,39,0.182,0.636,top
W_ENS_PTJ_XX1_062,ENS,"a lot , and so",it is good,to have a continuous flow,39,0.182,0.636,top
W_JPN_SMK_A2_0_103,JPN,seats . Do you think,it is good,idea ? I do n't,39,0.182,0.636,top
W_JPN_PTJ_B1_1_091,JPN,part time job . So,it is good,for college students to experience,39,0.182,0.636,top
W_JPN_PTJ_A2_0_140,JPN,"society . Second reason ,",it is good,for college students economically .,39,0.182,0.636,top
W_JPN_SMK_A2_0_103,JPN,? I do n't think,it is good,"idea , because it is",39,0.182,0.636,top
W_JPN_PTJ_B1_1_031,JPN,job makes us healthy because,it is good,exercise for our body .,39,0.182,0.636,top
W_JPN_SMK_A2_0_146,JPN,about smoking . I think,it is good,idea that smoking should be,39,0.182,0.636,top
W_JPN_SMK_A2_0_074,JPN,nonsmoking area . I think,it is good,system . I have never,39,0.182,0.636,top
W_JPN_PTJ_A2_0_080,JPN,"thank for parents , so",it is good,to earn some money by,39,0.182,0.636,top
W_ENS_PTJ_XX1_048,ENS,"perspective , I think that",it is good,for college students to have,39,0.182,0.636,top
W_JPN_PTJ_A2_0_042,JPN,be received . I think,it is good,to experience a lot when,39,0.182,0.636,top
W_JPN_SMK_A2_0_023,JPN,I think,it is good,for me . Because I,39,0.182,0.636,top
W_JPN_SMK_B1_2_43,JPN,a meal there . Therefore,it is good,that the restaurants provide where,39,0.182,0.636,top
W_ENS_PTJ_XX1_053,ENS,"just be book smart ,",it is good,to be street smart too,39,0.182,0.636,top
W_JPN_PTJ_A2_0_140,JPN,"job . Third reason ,",it is good,for college students to experience,39,0.182,0.636,top
W_ENS_PTJ_XX1_010,ENS,". Therefore , I think",it is good,to get a real part,39,0.182,0.636,top
W_JPN_SMK_A2_0_034,JPN,"restaurant , I think that",it is good,to divide the smoker seat,39,0.182,0.636,top
W_JPN_SMK_B1_1_060,JPN,table . And I think,it is good,enough for smokers and nonsmokers,39,0.182,0.636,top
W_JPN_PTJ_B1_1_018,JPN,"Thus , I think that",it is good,for college students to have,39,0.182,0.636,top
W_JPN_PTJ_B1_1_085,JPN,"do so ) , so",it is good,that they prepare for working,39,0.182,0.636,top
W_JPN_SMK_B1_2_30,JPN,They recommend stopping smoking because,it is good,for health . In short,39,0.182,0.636,top
W_JPN_PTJ_B1_1_123,JPN,or company . I think,it is good,thing to make many friends,39,0.182,0.636,top
W_JPN_SMK_B1_1_110,JPN,so large place . So,it is difficult,to make smoking area like,33,0.182,0.636,top
W_JPN_SMK_B1_1_042,JPN,themselves at the restaurants but,it is difficult,", I think . So",33,0.182,0.636,top
W_JPN_PTJ_B1_1_063,JPN,"of things . First ,",it is difficult,to work a job not,33,0.182,0.636,top
W_ENS_PTJ_XX3_16,ENS,situation is so unique that,it is difficult,to make a broad or,33,0.182,0.636,top
W_JPN_SMK_B1_1_015,JPN,"separated at the restraint ,",it is difficult,to shat out the smell,33,0.182,0.636,top
W_JPN_PTJ_B1_2_47,JPN,job and I realize that,it is difficult,to earn money and that,33,0.182,0.636,top
W_JPN_SMK_B1_1_057,JPN,", I also understand that",it is difficult,to forbid smoking extensively legally,33,0.182,0.636,top
W_ENS_SMK_XX2_40,ENS,"on those facts alone ,",it is difficult,to see how smokers feel,33,0.182,0.636,top
W_JPN_PTJ_B1_2_35,JPN,", they really understand that",it is difficult,and important to get money,33,0.182,0.636,top
W_JPN_SMK_B1_1_043,JPN,"is used to smoking ,",it is difficult,that he gives up smoking,33,0.182,0.636,top
W_JPN_SMK_B1_1_021,JPN,rebuild their restaurants . So,it is difficult,for owners to solve the,33,0.182,0.636,top
W_JPN_PTJ_A2_0_146,JPN,". Lastly , I learned",it is difficult,to teach to someone in,33,0.182,0.636,top
W_ENS_PTJ_XX1_078,ENS,"feel this way , so",it is difficult,to reconcile this with my,33,0.182,0.636,top
W_JPN_PTJ_B1_1_023,JPN,", they can learn that",it is difficult,to earn money . Such,33,0.182,0.636,top
W_JPN_SMK_B1_2_13,JPN,"once people start smoking ,",it is difficult,to stop . So I,33,0.182,0.636,top
W_JPN_SMK_B1_1_079,JPN,"clothes absorb the smell ,",it is difficult,to remove the smell .,33,0.182,0.636,top
W_JPN_PTJ_B1_1_016,JPN,later . This is because,it is difficult,to accustom working . Second,33,0.182,0.636,top
W_JPN_SMK_B1_2_15,JPN,"in the country , however",it is difficult,". Therefore , we may",33,0.182,0.636,top
W_JPN_SMK_B1_1_030,JPN,people than smoking . And,it is difficult,to separate completely in the,33,0.182,0.636,top
W_JPN_PTJ_B1_1_039,JPN,. But we will learn,it is difficult,that lead a life only,33,0.182,0.636,top
W_JPN_PTJ_A2_0_147,JPN,"fact , I think that",it is difficult,to get money by having,33,0.182,0.636,top
W_JPN_PTJ_A2_0_060,JPN,". First , I think",it is difficult,for many people to eat,33,0.182,0.636,top
W_ENS_SMK_XX1_051,ENS,and so in some ways,it is difficult,to approach this object in,33,0.182,0.636,top
W_ENS_PTJ_XX1_091,ENS,physical health . Everyone knows,it is difficult,to work and study at,33,0.182,0.636,top
W_JPN_PTJ_B1_1_068,JPN,exams . I knew that,it is difficult,to explain to people even,33,0.182,0.636,top
W_JPN_SMK_A2_0_078,JPN,"separated by the words ,",it is difficult,to separate the air completely,33,0.182,0.636,top
W_JPN_PTJ_A2_0_136,JPN,they are free . Certainly,it is difficult,to earn all money to,33,0.182,0.636,top
W_JPN_SMK_A2_0_115,JPN,put on clothes . And,it is difficult,to remove it . The,33,0.182,0.636,top
W_JPN_PTJ_A2_0_124,JPN,only studied can experience that,it is difficult,to earn money . They,33,0.182,0.636,top
W_JPN_PTJ_B1_2_03,JPN,". In a college ,",it is difficult,to find so many kinds,33,0.182,0.636,top
W_ENS_PTJ_XX1_094,ENS,"several reasons . First ,",it is difficult,"to focus , second ,",33,0.182,0.636,top
W_JPN_PTJ_B1_2_16,JPN,. So I think that,it is difficult,to perfectly do both of,33,0.182,0.636,top
W_JPN_PTJ_A2_0_120,JPN,"cram school , I understood",it is difficult,to teach junior high school,33,0.182,0.636,top
W_JPN_SMK_B1_1_148,JPN,anything at the restaurant .,It is true,that they relax by smoking,27,0.182,0.636,top
W_JPN_PTJ_B1_1_156,JPN,more money without notice .,It is true,that some of them work,27,0.182,0.636,top
W_JPN_PTJ_B1_1_125,JPN,a part time job .,It is true,that they have less time,27,0.182,0.636,top
W_JPN_SMK_B1_2_11,JPN,other people around them .,It is true,that people have freedom of,27,0.182,0.636,top
W_JPN_PTJ_B1_1_148,JPN,or going to college .,It is true,that college students should study,27,0.182,0.636,top
W_JPN_PTJ_B1_1_022,JPN,their life some day .,It is true,that part time jobs sometimes,27,0.182,0.636,top
W_JPN_SMK_B1_1_146,JPN,people who dislike smoking .,It is true,that smoking causes a lot,27,0.182,0.636,top
W_JPN_SMK_B1_1_112,JPN,disagree with this opinion .,It is true,that cigarette smoke sometimes annoy,27,0.182,0.636,top
W_JPN_PTJ_B1_2_09,JPN,to study in university .,It is true,"but , actually , they",27,0.182,0.636,top
W_JPN_SMK_B1_2_27,JPN,choose the nonsmoking room .,It is true,that smoking is bad for,27,0.182,0.636,top
W_JPN_SMK_B2_0_05,JPN,also be going down .,It is true,that the number of people,27,0.182,0.636,top
W_JPN_PTJ_A2_0_011,JPN,a part time job .,It is true,that there are some bad,27,0.182,0.636,top
W_JPN_SMK_A2_0_084,JPN,smokers who directly smoke .,It is true,that smoking temporarily makes smokers,27,0.182,0.636,top
W_JPN_SMK_A2_0_052,JPN,smell of the cooking .,It is true,that there is some person,27,0.182,0.636,top
W_JPN_SMK_B1_2_36,JPN,banned at all restaurants .,It is true,that smoking is bad for,27,0.182,0.636,top
W_JPN_SMK_A2_0_150,JPN,worse in the future .,It is true,that this rule is hard,27,0.182,0.636,top
W_JPN_PTJ_B1_1_021,JPN,a part time job .,It is true,that you make money which,27,0.182,0.636,top
W_JPN_PTJ_A2_0_114,JPN,by graduating from college .,It is true,that we can learn about,27,0.182,0.636,top
W_JPN_PTJ_A2_0_005,JPN,do n't have that .,It is true,". However , I think",27,0.182,0.636,top
W_JPN_SMK_A2_0_005,JPN,money from making cigarette .,It is true,. If we ban smoking,27,0.182,0.636,top
W_ENS_PTJ_XX1_013,ENS,and their social lives .,It is true,that having a part time,27,0.182,0.636,top
W_JPN_SMK_B1_1_022,JPN,is the second reason .,It is true,that there are still many,27,0.182,0.636,top
W_JPN_SMK_B1_2_10,JPN,to follow this idea .,It is true,that smoking hurts human 's,27,0.182,0.636,top
W_JPN_SMK_B2_0_10,JPN,smoking in a restaurant .,It is true,that some people can feel,27,0.182,0.636,top
W_JPN_PTJ_B1_1_081,JPN,work part time job .,It is true,that if they do it,27,0.182,0.636,top
W_JPN_SMK_B2_0_13,JPN,agree with the statement .,It is true,that smoking has bad affections,27,0.182,0.636,top
W_JPN_PTJ_A2_0_150,JPN,can get great confidence .,It is true,that to have a part,27,0.182,0.636,top
W_JPN_PTJ_B1_1_064,JPN,but I always think that,it is necessary,for my life . When,27,0.182,0.636,random
W_JPN_PTJ_B1_1_070,JPN,experience to go abroad .,It is difficult,to go abroad and communicate,10,0.182,0.636,random
W_ENS_SMK_XX1_096,ENS,people . Some argue that,it is okay,to partition off a restaurant,7,0.182,0.636,random
W_JPN_SMK_B1_1_027,JPN,"the smoke touched clothes ,",it is hard,to removing the smell .,10,0.182,0.636,random
W_JPN_SMK_B1_1_071,JPN,on the smoking seats .,It is unfavorable,situation . The other reason,1,0.182,0.636,random
W_JPN_SMK_B1_1_112,JPN,another reason . I think,it is desirable,that there are various types,4,0.182,0.636,random
W_JPN_SMK_B1_1_050,JPN,substances such as nicotine .,It is possible,for smokers and nonsmokers to,3,0.182,0.636,random
W_JPN_SMK_A2_0_021,JPN,". In this society ,",it is easy,for us to feel that,6,0.182,0.636,random
W_JPN_SMK_B1_1_151,JPN,passive smoking completely . Certainly,it is free,"smoking or not smoking ,",3,0.182,0.636,random
W_JPN_PTJ_A2_0_052,JPN,chance making friends with .,It is easy,to making friends with by,2,0.182,0.636,random
W_JPN_PTJ_B1_2_39,JPN,me . I think that,it is bad,to be supported too much,18,0.182,0.636,random
W_JPN_PTJ_A2_0_042,JPN,"going into the workforce ,",it is hard,to understand from the beginning,10,0.182,0.636,random
W_JPN_PTJ_A2_0_132,JPN,do not think so .,It is sure,that studying is very important,8,0.182,0.636,random
W_JPN_SMK_B1_1_074,JPN,the smokers . Of course,it is bad,"to involve other people ,",18,0.182,0.636,random
W_JPN_SMK_A2_0_034,JPN,meal . Please think that,it is similar,feeling to after the meal,1,0.182,0.636,random
W_ENS_SMK_XX3_23,ENS,concern for restaurant workers .,It is unfair,to expect people to have,5,0.182,0.636,random
W_ENS_PTJ_XX3_27,ENS,", in that case ,",it is wise,for them to take the,1,0.182,0.636,random
W_JPN_PTJ_A2_0_042,JPN,I think that,it is necessary,to work part time in,27,0.182,0.636,random
W_JPN_PTJ_A2_0_040,JPN,time job . I think,it is wrong,"for our work , studying",3,0.182,0.636,random
W_JPN_SMK_A2_0_042,JPN,the cigarette feel so .,It is unpleasant,even to encounter in the,1,0.182,0.636,random
W_JPN_SMK_B1_1_111,JPN,people believe this thought whether,it is correct,"or not , they do",1,0.182,0.636,random
W_JPN_SMK_A2_0_070,JPN,there is the reason that,it is troublesome,for me to prepare an,2,0.182,0.636,random
W_JPN_PTJ_B1_1_087,JPN,. ' It is because,it is necessary,for college student to be,27,0.182,0.636,random
W_JPN_SMK_B1_1_086,JPN,"in such as restaurant ,",it is necessary,to prohibit smoking . Because,27,0.182,0.636,random
W_JPN_SMK_A2_0_142,JPN,in the university . Therefore,it is natural,that smoking is banned at,15,0.182,0.636,random
W_JPN_PTJ_B1_1_124,JPN,". Moreover , I think",it is necessary,. If the part time,27,0.182,0.636,random
W_JPN_PTJ_A2_0_111,JPN,I do n't insist that,it is bad,for themm to receive economical,18,0.182,0.636,random
W_JPN_PTJ_B1_1_110,JPN,"of life . And ,",it is sure,that the person who has,4,0.182,0.636,random
W_JPN_SMK_A2_0_029,JPN,for all the people and,it is impossible,to change all the restaurant,14,0.182,0.636,random
W_ENS_SMK_XX1_030,ENS,"little bit longer , but",it is necessary,to ban it at public,27,0.182,0.636,random
W_JPN_PTJ_B1_1_112,JPN,and we tend to think,it is natural,that parents give us money,15,0.182,0.636,random
W_ENS_SMK_XX1_034,ENS,and I do n't think,it is fair,to prosecute everyone based on,5,0.182,0.636,random
W_ENS_PTJ_XX3_01,ENS,NZ but then I guess,it is bad,enough everywhere . On a,18,0.182,0.636,random
W_JPN_SMK_A2_0_068,JPN,", and I think that",it is necessary,for people to think whether,27,0.182,0.636,random
W_JPN_SMK_A2_0_029,JPN,non smoking table too .,It is unfair,we both paying same amount,5,0.182,0.636,random
W_JPN_PTJ_A2_0_091,JPN,are interested in . So,it is stupid,thing to have a part,1,0.182,0.636,random
W_ENS_SMK_XX1_078,ENS,I do not personally believe,it is appropriate,to ban smoking at restaurants,3,0.182,0.636,random
W_JPN_PTJ_B1_1_093,JPN,"free time . However ,",it is wasteful,to do nothing . So,1,0.182,0.636,random
W_ENS_SMK_XX1_042,ENS,"my home state , and",it is unfair,. It would be much,5,0.182,0.636,random
W_JPN_PTJ_A2_0_078,JPN,for their work . But,it is necessary,to try to overcome those,27,0.182,0.636,random
W_ENS_SMK_XX1_054,ENS,"every day , so if",it is smoky,", that can really make",1,0.182,0.636,random
W_JPN_SMK_B1_1_073,JPN,evening . I think that,it is necessary,to make a firm barrier,27,0.182,0.636,random
W_JPN_PTJ_B1_1_046,JPN,a room in Kobe because,it is impossible,to go to school from,14,0.182,0.636,random
W_JPN_PTJ_B1_1_109,JPN,gives us many friends .,It is nice,to have many friends .,2,0.182,0.636,random
W_JPN_PTJ_B1_1_039,JPN,"I think . First ,",it is necessary,for college students to earn,27,0.182,0.636,random
W_ENS_SMK_XX3_13,ENS,their customers are happy then,it is necessary,for the government to stick,27,0.182,0.636,random
W_JPN_SMK_A2_0_017,JPN,"restaurants in the country ,",it is sure,for us to feel cozy,4,0.182,0.636,random
W_ENS_SMK_XX1_048,ENS,"However , some people think",it is okay,to continue smoking even though,7,0.182,0.636,random
W_JPN_PTJ_A2_0_135,JPN,"merits . Of course ,",it is small,in comparison with the first,1,0.182,0.636,random
W_ENS_PTJ_XX3_21,ENS,part - time job :,it is essential,.,6,0.182,0.636,random
W_JPN_PTJ_B1_1_054,JPN,playing myself . I think,it is natural,and I should do so,15,0.182,0.636,random
W_JPN_SMK_B1_1_119,JPN,"for children , too .",It is unfair,for the customers who are,5,0.182,0.636,random
W_ENS_PTJ_XX1_018,ENS,"experience , I therefore think",it is safe,to say that is important,3,0.182,0.636,random
W_ENS_SMK_XX3_43,ENS,luck that causes them .,It is human,"error and behaviour , which",1,0.182,0.636,random
W_JPN_PTJ_B1_1_109,JPN,job . I knew that,it is severe,to work . But this,1,0.182,0.636,random
W_JPN_PTJ_A2_0_105,JPN,"is necessary . Second ,",it is true,that college students are very,10,0.182,0.636,random
W_JPN_SMK_A2_0_067,JPN,"smoke outdoor , but ,",it is impossible,to avoid indoor . I,14,0.182,0.636,random
W_ENS_SMK_XX2_39,ENS,"make sporadic spot checks ,",it is doubtful,that they would be able,1,0.182,0.636,random
W_JPN_SMK_B1_1_032,JPN,"In the same way ,",it is impossible,to drive out smoking people,14,0.182,0.636,random
W_JPN_PTJ_B1_1_010,JPN,up mentality through working .,It is good,"for me . Secondly ,",7,0.182,0.636,random
W_JPN_SMK_A2_0_035,JPN,"not smoke , and maybe",it is bad,for their health . But,18,0.182,0.636,random
W_JPN_PTJ_B1_1_119,JPN,That is not good .,It is nice,idea to work moderately when,2,0.182,0.636,random
W_JPN_PTJ_B1_1_045,JPN,much and lazing studying .,It is necessary,to get balance between studying,7,0.182,0.636,random
W_JPN_SMK_B1_1_131,JPN,smokers more than smoker .,It is terrible,fact . Now there are,2,0.182,0.636,random
W_JPN_PTJ_B2_0_03,JPN,"you may be doing ,",it is usual,that you need to cooperate,2,0.182,0.636,random
W_JPN_SMK_B1_1_086,JPN,"themselves to blame , but",it is ridiculous,of people who do n't,3,0.182,0.636,random
W_JPN_PTJ_B1_1_154,JPN,spring . I think that,it is impossible,to spend all of the,14,0.182,0.636,random
W_JPN_PTJ_A2_0_042,JPN,"feelings are understood , and",it is possible,"to sympathize , time when",9,0.182,0.636,random
W_JPN_PTJ_A2_0_058,JPN,"not to be puzzled ,",it is useful,to have a part time,3,0.182,0.636,random
W_JPN_PTJ_A2_0_042,JPN,"to work . Moreover ,",it is easy,to ask them for help,6,0.182,0.636,random
W_JPN_PTJ_B1_2_39,JPN,. So I think that,it is great,for college students to work,6,0.182,0.636,random
W_ENS_SMK_XX1_042,ENS,time being I think that,it is fine,. A lot of college,2,0.182,0.636,random
W_JPN_SMK_B1_1_126,JPN,area has d ecreased .,It is illegal,to smoke with walking in,1,0.182,0.636,random
W_JPN_SMK_B1_1_126,JPN,". First of all ,",it is clear,that smo king makes human,5,0.182,0.636,random
W_JPN_SMK_A2_0_009,JPN,"two reasons . First ,",it is true,that smoking gives serious damage,10,0.182,0.636,random
W_ENS_SMK_XX2_19,ENS,smokers seem to think that,it is okay,to throw cigarette butts anywhere,7,0.182,0.636,random
W_JPN_SMK_B1_1_086,JPN,the smoke of cigarette .,It is bad,manner to chefs and dishes,5,0.182,0.636,random
W_JPN_PTJ_B1_2_43,JPN,". In this time ,",it is advantageous,to spend their life after,1,0.182,0.636,random
W_ENS_PTJ_XX1_067,ENS,"there as well , and",it is hard,to have two main activities,10,0.182,0.636,random
W_JPN_SMK_A2_0_040,JPN,it needs wide ground .,It is difficult,to realize . It is,10,0.182,0.636,random
W_ENS_PTJ_XX3_03,ENS,they are currently earning and,it is nigh,on impossible for them to,1,0.182,0.636,random
W_JPN_SMK_B2_0_02,JPN,at that time . But,it is sure,that smoking destroys our health,4,0.182,0.636,random
W_JPN_SMK_A2_0_091,JPN,hurt oneself or others .,It is clear,that tobacco is a weapon,2,0.182,0.636,random
W_JPN_PTJ_A2_0_111,JPN,I think that,it is importantfor,college students to do part,1,0.182,0.636,random
W_ENS_SMK_XX1_066,ENS,"for now , I think",it is fine,and I do n't see,2,0.182,0.636,random
W_JPN_SMK_B1_1_156,JPN,"one of the countries ,",it is natural,that we do n't watch,15,0.182,0.636,random
W_JPN_SMK_A2_0_093,JPN,right . They say that,it is natural,that they can smoke everywhere,15,0.182,0.636,random
W_JPN_SMK_A2_0_136,JPN,allow people to smoke .,It is hard,for the person who is,7,0.182,0.636,random
W_JPN_SMK_A2_0_054,JPN,enjoys eating . For smokers,it is necessary,to smoking to have a,27,0.182,0.636,random
W_JPN_SMK_B2_0_12,JPN,"So , I think that",it is unfair,for us to enforce our,5,0.182,0.636,random
W_JPN_PTJ_A2_0_071,JPN,"need money . Therefore ,",it is necessary,that college students help for,27,0.182,0.636,random
W_JPN_PTJ_A2_0_020,JPN,a lot of people .,It is different,from your college friends .,1,0.182,0.636,random
W_JPN_PTJ_B1_1_138,JPN,"send them some money ,",it is desirable,not to get on top,4,0.182,0.636,random
W_ENS_SMK_XX3_30,ENS,>>,It is undeniable,that smoking is measurably damaging,1,0.182,0.636,random
W_JPN_PTJ_B1_2_28,JPN,"say so . First ,",It is difficult,for most student who live,10,0.182,0.636,random
W_JPN_SMK_A2_0_130,JPN,"various problems into consideration ,",it is impossible,to ban smoking at all,14,0.182,0.636,random
W_ENS_PTJ_XX3_15,ENS,the student to decide if,it is appropriate,for them to have a,3,0.182,0.636,random
W_JPN_SMK_B1_1_138,JPN,tobacco 's smoke . But,it is true,that there are many people,10,0.182,0.636,random
W_ENS_PTJ_XX1_069,ENS,on that . I think,it is great,that everyone can tailor their,6,0.182,0.636,random
W_JPN_SMK_B1_2_09,JPN,"higher and higher , and",it is troublesome,to get even a pack,2,0.182,0.636,random
W_JPN_SMK_B1_1_116,JPN,so on . I think,it is needless,to smoke at this place,2,0.182,0.636,random
W_JPN_SMK_A2_0_001,JPN,restaurant must be the place,it is comfortable,for all people . In,1,0.182,0.636,random
W_JPN_PTJ_A2_0_139,JPN,high school students . Because,it is general,case for high school students,2,0.182,0.636,random
W_JPN_SMK_B2_0_02,JPN,Now everyone knows it .,It is same,as a crime to smoke,2,0.182,0.636,random
W_JPN_PTJ_B1_1_118,JPN,a job is not .,It is dangerous,that take a job you,2,0.182,0.636,random
W_ENS_PTJ_XX1_043,ENS,", I do n't think",it is right,that students should have to,3,0.182,0.636,random
W_JPN_PTJ_A2_0_094,JPN,the senior people . Besides,it is necessary,for the students who live,27,0.182,0.636,random
W_JPN_SMK_B1_2_35,JPN,of the lungs decreases .,It is difficult,for smokers to quit smoking,10,0.182,0.636,random
W_JPN_SMK_B1_1_137,JPN,'s charge are equal .,It is unfair,that only non smoker is,5,0.182,0.636,random
W_JPN_SMK_B1_1_116,JPN,also influences for nonsmoker .,It is difficult,to shut off the smoke,10,0.182,0.636,random
W_JPN_PTJ_B1_1_015,JPN,for them . Even if,it is little,", they should spend their",2,0.182,0.636,random
W_JPN_SMK_B1_2_03,JPN,stop smoking by themselves but,it is sure,they should decrease the number,4,0.182,0.636,random
W_JPN_SMK_A2_0_011,JPN,cigarette . And more over,it is true,that waiters must smoke to,10,0.182,0.636,random
W_ENS_SMK_XX1_015,ENS,"these numbers , I think",it is easy,to see that it is,6,0.182,0.636,random
W_JPN_SMK_B1_1_012,JPN,also foods through mouths .,It is bad,for our health . Second,5,0.182,0.636,random
W_JPN_PTJ_A2_0_008,JPN,"study is had finished ,",it is wrong,. Study is not limited,3,0.182,0.636,random
W_JPN_PTJ_B1_2_39,JPN,I think that,it is great,for college students to work,6,0.182,0.636,random
W_JPN_PTJ_B1_1_048,JPN,we can get money .,it is vital,for us to have part,1,0.182,0.636,random
W_JPN_SMK_A2_0_066,JPN,"of cigarettes . Then ,",it is possible,that the smoke affect their,9,0.182,0.636,random
W_ENS_PTJ_XX3_21,ENS,"in potential applicants , and",it is essential,for dealing with the ups,6,0.182,0.636,random
W_JPN_PTJ_A2_0_007,JPN,will have much responsibility .,It is hard,to continue a part time,7,0.182,0.636,random
W_JPN_PTJ_A2_0_054,JPN,", I also think that",it is bad,to spend too much time,18,0.182,0.636,random
W_JPN_PTJ_A2_0_093,JPN,and so on . So,it is necessary,for college students to have,27,0.182,0.636,random
W_JPN_SMK_A2_0_059,JPN,"elderly adults . Therefore ,",it is obvious,that smoking is not good,3,0.182,0.636,random
W_JPN_PTJ_B1_1_052,JPN,"it too expensive , but",it is essential,". So it depends ,",6,0.182,0.636,random
W_JPN_SMK_A2_0_038,JPN,lung cancer than smoker .,It is trouble,that be made breathing smoke,1,0.182,0.636,random
W_ENS_SMK_XX3_02,ENS,'s leftover smoke fumes .,It is bad,enough when I am walking,5,0.182,0.636,random
W_ENS_PTJ_XX3_32,ENS,"time job at college ,",it is subjective,to the individual 's personal,2,0.182,0.636,random
W_JPN_PTJ_A2_0_041,JPN,"to me . But ,",it is bad,to give up it for,18,0.182,0.636,random
W_JPN_SMK_A2_0_116,JPN,"the restaurant ? Moreover ,",it is certain,that we pass the smoking,2,0.182,0.636,random
W_JPN_PTJ_A2_0_086,JPN,money from our parents .,It is necessary,for us to get money,7,0.182,0.636,random
W_JPN_SMK_A2_0_067,JPN,worried about non smokers .,It is serious,because this problem is related,1,0.182,0.636,random
W_JPN_PTJ_A2_0_080,JPN,"we get a job ,",it is easy,to work . Second we,6,0.182,0.636,random
W_ENS_PTJ_XX3_41,ENS,in the process too .,It is necessary,and I believe that it,7,0.182,0.636,random
W_JPN_PTJ_B1_1_009,JPN,they are almost adults .,It is difficult,that they are independent from,10,0.182,0.636,random
W_ENS_SMK_XX1_022,ENS,"are , and I think",it is common,knowledge that both the United,3,0.182,0.636,random
W_JPN_PTJ_A2_0_126,JPN,effects for our future .,It is wrong,that you have a part,2,0.182,0.636,random
W_JPN_SMK_A2_0_035,JPN,"However , for smokers ,",it is stressful,that they can not smoke,1,0.182,0.636,random
W_JPN_PTJ_A2_0_099,JPN,". Second , I think",it is miserable,that a college student who,1,0.182,0.636,random
W_JPN_SMK_A2_0_053,JPN,"the lung cancer , if",it is terrible,", there can be the",1,0.182,0.636,random
W_JPN_SMK_A2_0_059,JPN,"to think of others ,",it is fair,enough for smokers to smoke,5,0.182,0.636,random
W_JPN_PTJ_A2_0_034,JPN,part time at all .,It is bad,that the part time job,5,0.182,0.636,random
W_JPN_SMK_A2_0_071,JPN,"is different . Besides ,",it is possible,that passive smoke in the,9,0.182,0.636,random
W_JPN_SMK_B1_1_116,JPN,I think,it is necessary,for us to prohibit from,27,0.182,0.636,random
W_JPN_PTJ_B1_1_043,JPN,"students ' lives , so",it is necessary,for them . I 'll,27,0.182,0.636,random
W_JPN_SMK_B1_1_085,JPN,disagree with the opinion .,It is sure,that smoke bothers those who,8,0.182,0.636,random
W_JPN_SMK_A2_0_025,JPN,a place for rest so,it is free,to smoke there . But,3,0.182,0.636,random
W_JPN_SMK_B1_1_001,JPN,he eat dinner . But,it is free,for him to smoke .,3,0.182,0.636,random
W_JPN_SMK_B1_1_034,JPN,"spread recently . However ,",it is busy,to separate smoking and non,1,0.182,0.636,random
W_JPN_PTJ_B1_1_099,JPN,"job . Of course ,",it is true,that there are some students,10,0.182,0.636,random
W_JPN_SMK_B1_1_036,JPN,smoking in restaurants . But,it is uncomfortable,of non smoking people containing,1,0.182,0.636,random
W_ENS_SMK_XX2_01,ENS,"basis , I feel that",it is crucial,that society as a whole,1,0.182,0.636,random
W_JPN_PTJ_B2_0_04,JPN,"to speak to others ,",it is valuable,for college student to have,3,0.182,0.636,random
W_JPN_PTJ_A2_0_140,JPN,wages in short time .,It is natural,that college students begin a,5,0.182,0.636,random
W_JPN_PTJ_B1_1_036,JPN,"'ll have a job ,",it is useful,for us to experience in,3,0.182,0.636,random
W_JPN_SMK_B1_2_38,JPN,smokers . I think that,it is enough,as long as the restaurants,4,0.182,0.636,random
W_JPN_SMK_B1_1_063,JPN,"However , I think that",it is impossible,to be banned at all,14,0.182,0.636,random
W_ENS_SMK_XX1_081,ENS,even though the government says,it is alright,? Some things are better,1,0.182,0.636,random
W_ENS_SMK_XX1_057,ENS,"such a large economy ,",it is easy,to offset the negative affects,6,0.182,0.636,random
W_JPN_SMK_B1_2_13,JPN,"his smoke . Anyway ,",it is true,that smoking is bad for,10,0.182,0.636,random
W_JPN_SMK_B1_2_49,JPN,in all sections . But,it is strict,". And , smell of",1,0.182,0.636,random
W_JPN_SMK_B1_2_08,JPN,"area is divided , but",it is impossible,to shut out smoke and,14,0.182,0.636,random
W_JPN_PTJ_B1_1_147,JPN,we go home late and,it is dangerous,"for us , especially women",2,0.182,0.636,random
W_JPN_PTJ_B2_0_16,JPN,"these reason , I think",it is meaningful,thing for college student to,1,0.182,0.636,random
W_JPN_PTJ_B2_0_06,JPN,"same time , I think",it is ridiculous,to have part time job,3,0.182,0.636,random
W_JPN_PTJ_A2_0_009,JPN,enough time to study .,It is useless,for them to have no,1,0.182,0.636,random
W_JPN_SMK_A2_0_098,JPN,health . That 's why,it is unreasonable,to smoke at the restaurant,2,0.182,0.636,random
W_JPN_SMK_B1_1_105,JPN,"smokes , so I think",it is unreasonable,that some people who pay,2,0.182,0.636,random
W_JPN_PTJ_B1_1_080,JPN,"and our grades fall ,",it is nonsense,.,1,0.182,0.636,random
W_JPN_PTJ_A2_0_060,JPN,no memories . I think,it is sad,". Second , doing part",2,0.182,0.636,random
W_JPN_PTJ_B1_1_061,JPN,I say first is that,it is valuable,for college students to have,3,0.182,0.636,random
W_ENS_PTJ_XX1_040,ENS,". Therefore , I think",it is necessary,to sometimes give younger people,27,0.182,0.636,random
W_JPN_PTJ_A2_0_005,JPN,"of advice . Finally ,",it is able,to practice for their job,1,0.182,0.636,random
W_JPN_PTJ_A2_0_090,JPN,"time job . First ,",it is true,that a part time job,10,0.182,0.636,random
W_JPN_PTJ_A2_0_041,JPN,"is study . Surely ,",it is right,. If we worked too,3,0.182,0.636,random
W_JPN_SMK_A2_0_017,JPN,"all the restaurants , but",it is possible,". In German , smoking",9,0.182,0.636,random
W_JPN_SMK_A2_0_073,JPN,cigarettes can make atmosphere .,It is dangerous,", mysterious and adult atmosphere",2,0.182,0.636,random
W_JPN_SMK_B1_1_057,JPN,"tobacco . For them ,",it is hard,that being smoked in a,10,0.182,0.636,random
W_JPN_SMK_B1_1_058,JPN,restaurants in the country .,It is painful,for the people who smoke,1,0.182,0.636,random
W_ENS_PTJ_XX1_085,ENS,". In New Zealand ,",it is common,for teenagers after graduating from,3,0.182,0.636,random
W_JPN_PTJ_B2_0_14,JPN,prevented students from studying .,It is right,"idea , sure . Some",2,0.182,0.636,random
W_JPN_SMK_A2_0_110,JPN,not have it . If,it is right,", what problem is there",3,0.182,0.636,random
W_JPN_PTJ_A2_0_092,JPN,time job teaches us that,it is hard,and difficult to work to,10,0.182,0.636,random
W_ENS_PTJ_XX3_28,ENS,"age , I believe that",it is essential,for college students to get,6,0.182,0.636,random
W_ENS_SMK_XX1_045,ENS,of life . I think,it is safe,to say that anyone who,3,0.182,0.636,random
W_ENS_PTJ_XX2_35,ENS,"about working as well ,",it is impossible,to focus the majority of,14,0.182,0.636,random
W_JPN_PTJ_B1_2_21,JPN,notice as a customer and,it is pleasing,to give a reward for,1,0.182,0.636,random
W_JPN_SMK_B1_2_25,JPN,health . So I think,it is natural,that people who smoke at,15,0.182,0.636,random
W_JPN_SMK_B1_1_007,JPN,after eating meal soon .,It is hard,to say not smoke to,7,0.182,0.636,random
W_JPN_SMK_A2_0_017,JPN,will keep our health .,It is difficult,to ban smoking at all,10,0.182,0.636,random
W_ENS_PTJ_XX2_03,ENS,", I do n't believe",it is possible,to function at high levels,9,0.182,0.636,random
W_JPN_PTJ_A2_0_046,JPN,"on . I think ,",it is wrong,for you to plead with,3,0.182,0.636,random
W_JPN_SMK_A2_0_072,JPN,and non smoking area .,It is good,system because two rights are,7,0.182,0.636,random
W_JPN_PTJ_B1_2_11,JPN,. Therefore I truly think,it is essential,for college students to have,6,0.182,0.636,random
W_ENS_SMK_XX1_065,ENS,"In today 's world ,",it is necessary,to take in the opinions,27,0.182,0.636,random
W_ENS_PTJ_XX1_057,ENS,I do n't feel that,it is appropriate,for students to spend all,3,0.182,0.636,random
W_JPN_PTJ_B1_1_039,JPN,taking a college lecture .,It is necessary,for us not to fail,7,0.182,0.636,random
W_JPN_PTJ_B1_1_072,JPN,spend for myself . And,it is necessary,to do anything about myself,27,0.182,0.636,random
W_JPN_PTJ_A2_0_044,JPN,"job , they can know",it is hard,to earn money by working,10,0.182,0.636,random
W_ENS_PTJ_XX3_30,ENS,for the same job .,It is critical,that students give themselves as,1,0.182,0.636,random
W_JPN_PTJ_B1_1_105,JPN,job . Because I think,it is necessary,for college students to make,27,0.182,0.636,random
W_JPN_SMK_B1_1_080,JPN,they may feel unsatisfied .,It is nonsense,. There are smoking seats,2,0.182,0.636,random
W_JPN_SMK_B1_1_135,JPN,and so on . So,it is necessary,that dividing smokers from non,27,0.182,0.636,random
W_JPN_PTJ_A2_0_085,JPN,it . That is why,it is certain,that I agree this statement,2,0.182,0.636,random
W_ENS_PTJ_XX1_038,ENS,"and taking tests , so",it is nice,to have another outlet on,3,0.182,0.636,random
W_ENS_PTJ_XX1_050,ENS,soon my mom will think,it is OK,for me to have a,3,0.182,0.636,random
W_ENS_SMK_XX2_13,ENS,any public place . Since,it is general,public knowledge that smoking and,2,0.182,0.636,random
W_JPN_SMK_B2_0_02,JPN,destroys our health . So,it is natural,that smoking is banned in,15,0.182,0.636,random
W_JPN_PTJ_A2_0_032,JPN,life . Some people think,it is common,sense but it is very,3,0.182,0.636,random
W_JPN_PTJ_A2_0_126,JPN,could not study enough and,it is bad,effects for our future .,18,0.182,0.636,random
W_ENS_PTJ_XX3_46,ENS,", student by student because",it is subjective,. Maybe that is just,2,0.182,0.636,random
W_JPN_SMK_B1_2_02,JPN,a train though they know,it is bad,manner . It is same,18,0.182,0.636,random
W_ENS_SMK_XX3_27,ENS,truly separated dining environment .,It is unfortunate,that we need to talk,1,0.182,0.636,random
W_JPN_PTJ_B1_1_064,JPN,helped by their parents .,It is hard,for them to help their,7,0.182,0.636,random
W_JPN_SMK_B1_1_052,JPN,annoying product . The existence,itself is troublesome,". For those reasons ,",1,0.182,0.636,random
W_JPN_SMK_B1_1_140,JPN,The Third reason is that,it is hard,to endure smoke for employee,10,0.182,0.636,random
W_JPN_PTJ_A2_0_055,JPN,"know about the society ,",it is big,difference whether they know about,1,0.182,0.636,random
W_ENS_PTJ_XX1_080,ENS,part time jobs is because,it is great,for the economy . In,6,0.182,0.636,random
W_JPN_SMK_B2_0_18,JPN,only its taste but also,it s smell,". In fact , the",1,0.182,0.636,random
W_ENS_PTJ_XX3_51,ENS,"job - hunting efforts ,",it is advisable,for them to take part,1,0.182,0.636,random
W_JPN_SMK_B1_1_032,JPN,can drive out them ?,It is impossible,. In the same way,2,0.182,0.636,random
W_JPN_PTJ_B1_1_162,JPN,go into the society .,It is useful,when we go into the,2,0.182,0.636,random
W_JPN_SMK_B1_1_126,JPN,sit uations in life .,It is natural,that restaurants should avoid it,5,0.182,0.636,random
W_JPN_PTJ_B1_2_27,JPN,in order to study .,It is necessary,for them to make the,7,0.182,0.636,random
W_JPN_SMK_B1_1_105,JPN,very dirty . I think,it is fatal,for all the restaurants .,1,0.182,0.636,random
W_JPN_PTJ_B1_1_091,JPN,to save much money .,It is good,way to save money to,7,0.182,0.636,random
W_JPN_SMK_B2_0_12,JPN,"to smoke in restaurants ,",it is natural,for smokers to smoke during,15,0.182,0.636,random
W_JPN_SMK_A2_0_127,JPN,". From the above ,",it is natural,you should not confuse the,15,0.182,0.636,random
W_ENS_SMK_XX1_029,ENS,", the nonsmokers feel that",it is rude,of the smokers to smoke,2,0.182,0.636,random
W_JPN_SMK_A2_0_052,JPN,". Thus , I think",it is necessary,to ban from smoking at,27,0.182,0.636,random
W_JPN_SMK_A2_0_140,JPN,". In this current ,",it is natural,that smoking is prohibited at,15,0.182,0.636,random
W_JPN_SMK_B1_1_049,JPN,", I do n't like",it s smoke,because no one smokes in,1,0.182,0.636,random
W_ENS_SMK_XX1_085,ENS,other peoples heads thinking that,it is okay,and that it wo n't,7,0.182,0.636,random
W_JPN_PTJ_B1_1_169,JPN,to work by midnight .,It is terrible,for their health . It,2,0.182,0.636,random
W_JPN_SMK_B1_1_010,JPN,"They are guests , but",it is natural,to be should keep the,15,0.182,0.636,random
W_JPN_PTJ_A2_0_063,JPN,my parents . I think,it is easy,to use my salary and,6,0.182,0.636,random
W_JPN_PTJ_B2_0_09,JPN,"important reason I think ,",it is useful,for them to experience job,3,0.182,0.636,random
W_JPN_SMK_A2_0_074,JPN,flavor o f smoke .,It is simple,reason . But when I,1,0.182,0.636,random
W_JPN_PTJ_A2_0_047,JPN,a time earning money .,It is sure,to need much money for,8,0.182,0.636,random
W_JPN_SMK_B1_2_19,JPN,". First of all ,",it is true,that smoking is such a,10,0.182,0.636,random
W_JPN_PTJ_B1_1_080,JPN,"from their parents , but",it is limited,. Sometimes they may have,1,0.182,0.636,random
W_ENS_SMK_XX1_040,ENS,bad for people and how,it is rude,to these people and the,2,0.182,0.636,random
W_ENS_PTJ_XX2_44,ENS,only activities and studies .,It is unrealistic,to insist that these kinds,1,0.182,0.636,random
W_ENS_SMK_XX2_36,ENS,"For these four reasons ,",it is clear,that smoking ought to be,5,0.182,0.636,random
W_JPN_SMK_B1_1_141,JPN,and an advantage none .,It is glad,that the chance to breathe,1,0.182,0.636,random
W_ENS_SMK_XX2_27,ENS,and those around them .,It is absurd,to allow people to inflict,1,0.182,0.636,random
W_ENS_SMK_XX1_008,ENS,ban smoking . I think,it is okay,for bars and clubs to,7,0.182,0.636,random
W_JPN_SMK_B2_0_12,JPN,"a lifestyle , just like",it is normal,for non smokers to not,1,0.182,0.636,random
W_JPN_SMK_B1_1_161,JPN,influence for their health .,It is strange,that people who live in,1,0.182,0.636,random
W_JPN_SMK_B1_1_145,JPN,smokers ca n't content .,It is difficult,to satisfy both people .,10,0.182,0.636,random
W_JPN_PTJ_A2_0_129,JPN,"learn them after graduation ,",it is little,late for us . So,2,0.182,0.636,random
W_JPN_SMK_B1_1_096,JPN,the restaurant to smoke .,It is sure,that eating at non smoking,8,0.182,0.636,random
W_JPN_PTJ_B1_1_033,JPN,to learn social rule .,It is rare,time for college student to,1,0.182,0.636,random
W_JPN_PTJ_B1_1_074,JPN,to spare . Of course,it is bad,if we do n't have,18,0.182,0.636,random
W_ENS_PTJ_XX1_041,ENS,>>,It is good,for college students to have,7,0.182,0.636,random
W_ENS_SMK_XX1_068,ENS,"go outside , and often",it is nice,to get a nice breath,3,0.182,0.636,random
W_JPN_SMK_A2_0_047,JPN,", colleges and stations .",It is sure,that smoking is bad for,8,0.182,0.636,random
W_JPN_SMK_A2_0_148,JPN,"guest . However , if",it is usual,""" Restaurant "" at any",2,0.182,0.636,random
W_JPN_SMK_A2_0_148,JPN,zone at a restaurant .,It is right,to spend certain in a,2,0.182,0.636,random
W_JPN_SMK_A2_0_149,JPN,"use , I think .",It is easy,thought and very good for,2,0.182,0.636,random
W_JPN_SMK_B1_2_41,JPN,is different from others .,It is certain,that smoker has also the,1,0.182,0.636,random
W_JPN_SMK_A2_0_153,JPN,of cigarette . I think,it is bad,manners to smoke at the,18,0.182,0.636,random
W_JPN_SMK_A2_0_140,JPN,area . The space where,it is possible,to smoke should not exist,9,0.182,0.636,random
W_JPN_PTJ_B1_1_162,JPN,part time job there .,It is grateful,for college students who are,1,0.182,0.636,random
W_ENS_SMK_XX1_074,ENS,"they became cleaner , but",it is hard,to see the good mom,10,0.182,0.636,random
W_ENS_SMK_XX3_34,ENS,as I have seen .,It is astounding,to note that the Japanese,1,0.182,0.636,random
W_ENS_SMK_XX2_25,ENS,"all our fellow citizens ,",it is unfair,that non-smokers must pay for,5,0.182,0.636,random
W_JPN_SMK_B1_1_075,JPN,may be sorry . But,it is clear,that to smoke tobacco is,5,0.182,0.636,random
W_JPN_SMK_B1_1_039,JPN,dislike tobacco and I think,it is worth,than useless . It cause,1,0.182,0.636,random
W_ENS_PTJ_XX1_065,ENS,"many more , I think",it is obvious,that college students should not,3,0.182,0.636,random
W_JPN_SMK_A2_0_074,JPN,restaurant because of smokers .,It is impractical,to ban smoking a t,1,0.182,0.636,random
W_ENS_SMK_XX1_009,ENS,here even though they know,it is bad,for them . Everyone knows,18,0.182,0.636,random
W_ENS_SMK_XX1_018,ENS,>>,It is obvious,that there are many proponents,2,0.182,0.636,random
W_JPN_PTJ_A2_0_106,JPN,I slightly agree them .,It is common,sense . But I think,1,0.182,0.636,random
W_JPN_PTJ_B1_2_16,JPN,reasons that I think that,it is unimportant,to have a part time,2,0.182,0.636,random
W_JPN_SMK_B1_1_131,JPN,be in the place where,it is full,of the smoke of tobacco,2,0.182,0.636,random
W_JPN_SMK_A2_0_148,JPN,from smoking a little .,It is necessary,to refrain from smoking that,7,0.182,0.636,random
W_JPN_SMK_B1_1_074,JPN,to be banned smoking .,It is cafe,! Cafe is a place,1,0.182,0.636,random
W_JPN_SMK_B1_1_177,JPN,which smokers make . So,it is needless,to say that smokers must,2,0.182,0.636,random
W_JPN_SMK_B2_0_16,JPN,room for non smokers .,It is obvious,that choosing the room is,2,0.182,0.636,random
W_ENS_SMK_XX2_16,ENS,only is passive smoking annoying,it is dangerous,to the non-smoker as well,2,0.182,0.636,random
W_JPN_PTJ_A2_0_110,JPN,lot of money . But,it s true,value rise when we carry,1,0.182,0.636,random
W_ENS_SMK_XX1_048,ENS,the restaurants because they know,it is bad,". Next , smoking has",18,0.182,0.636,random
W_JPN_SMK_A2_0_123,JPN,place but public place .,It is various,people in there ; adults,1,0.182,0.636,random
W_JPN_PTJ_B1_1_061,JPN,. Because I think that,it is valuable,for college students to have,3,0.182,0.636,random
W_ENS_PTJ_XX3_27,ENS,"on the other hand ,",it is probable,that they already have some,1,0.182,0.636,random
W_JPN_SMK_B1_1_100,JPN,strong . They have said,It is wrong,"that we , nonsmokers ,",2,0.182,0.636,random
W_JPN_PTJ_B1_1_152,JPN,in lack of money .,It is bad,not to study at all,5,0.182,0.636,random
W_JPN_SMK_B1_2_29,JPN,". In other words ,",it is possible,for a smoker to make,9,0.182,0.636,random
W_JPN_SMK_A2_0_050,JPN,have to ban . Smoking,itself is legal,and for people to smoke,1,0.182,0.636,random
W_JPN_SMK_B1_1_137,JPN,due to passive smoking .,It is clear,smoking is harmful to non,2,0.182,0.636,random
W_JPN_SMK_A2_0_095,JPN,smoking people . Even if,it is impossible,"to give up smoking ,",14,0.182,0.636,random
W_JPN_SMK_B1_1_096,JPN,eating at the restaurant .,It is foolish,". Of course , there",1,0.182,0.636,random
W_JPN_SMK_A2_0_039,JPN,"much . In addition ,",it is possible,that their family or friends,9,0.182,0.636,random
W_JPN_PTJ_A2_0_146,JPN,"for alive . And ,",it is fun,to buy something you want,1,0.182,0.636,random
W_ENS_SMK_XX1_018,ENS,"about Japan , I think",it is safe,to say that smoking in,3,0.182,0.636,random
W_ENS_PTJ_XX3_41,ENS,"fact , I think that",it is necessary,for students to get a,27,0.182,0.636,random
W_ENS_SMK_XX3_16,ENS,- win for all .,It is fair,"for all concerns , nobody",2,0.182,0.636,random
W_JPN_PTJ_A2_0_101,JPN,"we work part time ,",it is nec,essary to consider the working,1,0.182,0.636,random
W_ENS_SMK_XX1_034,ENS,", as it were .",It is possible,to be a conscientious and,3,0.182,0.636,random
W_JPN_PTJ_B1_1_041,JPN,you can get money .,It is essential,for your life . Nobody,1,0.182,0.636,random
W_JPN_PTJ_A2_0_042,JPN,to experience a lot when,it is young,. The abundance of knowledge,1,0.182,0.636,random
W_JPN_PTJ_A2_0_144,JPN,"person in the future ,",it is indispensable,to have a part time,1,0.182,0.636,random
W_JPN_SMK_B1_1_028,JPN,. Smoking causes death .,It is fear,. Smoking looks very cool,1,0.182,0.636,random
W_JPN_SMK_B1_1_163,JPN,by members in restaurants .,It is possible,for smokers to satisfy it,3,0.182,0.636,random
W_JPN_SMK_B1_1_037,JPN,in Japan . I think,it is problem,to prohibit smoking completely .,1,0.182,0.636,random
W_JPN_PTJ_B1_2_19,JPN,really feel my mother .,It is impossible,for me to quit spending,2,0.182,0.636,random
W_ENS_SMK_XX1_094,ENS,that smokers find enjoyable .,It s social,", it part of eating",1,0.182,0.636,random
W_JPN_PTJ_B1_1_018,JPN,a time to work .,It is sure,that it is the part,8,0.182,0.636,random
W_JPN_SMK_B1_1_173,JPN,do not smoke have .,It is OK,if we think both people,1,0.182,0.636,random
W_JPN_SMK_B1_2_19,JPN,"smokers these days , but",it is true,that there are still so,10,0.182,0.636,random
W_JPN_SMK_B1_2_06,JPN,than smokers . I think,it is unfair,for non smokers . I,5,0.182,0.636,random
W_ENS_PTJ_XX3_49,ENS,study schedules in college then,it is hard,to see how they will,10,0.182,0.636,random
W_JPN_PTJ_A2_0_060,JPN,think and solve ourself .,It is needful,skill for everyone . So,1,0.182,0.636,random
W_ENS_SMK_XX3_35,ENS,in . I feel that,it is high,time that all governments and,1,0.182,0.636,random
W_JPN_SMK_B1_1_029,JPN,come to there . But,it is harmful,for them especially . So,1,0.182,0.636,random
W_ENS_PTJ_XX1_021,ENS,of schoolwork to do and,it is great,to have a part time,6,0.182,0.636,random
W_JPN_SMK_B1_2_06,JPN,one smoker 's room .,It is fair,and reasonable . Smoking is,2,0.182,0.636,random
W_JPN_SMK_B1_2_02,JPN,it is bad manner .,It is same,as smoking . If we,2,0.182,0.636,random
W_ENS_SMK_XX1_085,ENS,before we enter they think,it is okay,to throw the cigarette on,7,0.182,0.636,random
W_JPN_SMK_A2_0_005,JPN,buy others than cigarette .,It is good,"for you , and other",7,0.182,0.636,random
W_ENS_PTJ_XX1_066,ENS,"important than working , then",it is obvious,that it is not that,3,0.182,0.636,random
W_JPN_PTJ_A2_0_130,JPN,are other various opinions .,It is sure,that there are bad points,8,0.182,0.636,random
W_JPN_SMK_B1_1_064,JPN,smokers and non smokers .,It is unlucky,for non smokers to absorb,1,0.182,0.636,random
W_JPN_SMK_B1_2_18,JPN,Most of the people think,it is ok,because the seats where people,1,0.182,0.636,random
W_JPN_SMK_A2_0_121,JPN,"exists in this world ,",it is impossible,. The opinion of people,14,0.182,0.636,random
W_JPN_PTJ_A2_0_042,JPN,"not use it "" .",It is natural,that it can not understand,5,0.182,0.636,random
W_JPN_SMK_B1_1_028,JPN,". But , I feel",it is sad,. I know a good,2,0.182,0.636,random
W_JPN_PTJ_B1_1_088,JPN,now there are times when,it is possible,to do favorite things and,9,0.182,0.636,random
W_JPN_SMK_A2_0_077,JPN,"my opinion . Firstly ,",it is bad,"for us to smoke ,",18,0.182,0.636,random
W_JPN_SMK_A2_0_107,JPN,"do so . Secondly ,",it is natural,that there are two kinds,15,0.182,0.636,random
W_JPN_PTJ_A2_0_149,JPN,for to get money .,It is good,social studies . It makes,7,0.182,0.636,random
W_ENS_SMK_XX1_044,ENS,but I do n't think,it is fair,to nonsmokers to allow them,5,0.182,0.636,random
W_JPN_SMK_A2_0_139,JPN,even also other people .,It is likely,to become the customer 's,1,0.182,0.636,random
W_JPN_SMK_A2_0_103,JPN,"is good idea , because",it is unable,to completely separate non smoking,1,0.182,0.636,random
W_ENS_PTJ_XX1_003,ENS,n't aware of before .,It is difficult,"at times , especially during",10,0.182,0.636,random
W_ENS_SMK_XX3_09,ENS,all in mind and sometimes,it is necessary,to make tough decisions that,27,0.182,0.636,random
W_JPN_SMK_B1_1_097,JPN,do n't smoke . So,it is natural,to consider if you smoke,15,0.182,0.636,random
W_JPN_SMK_A2_0_114,JPN,"are closed spaces , where",it is impossible,not to breathe this smoke,14,0.182,0.636,random
W_JPN_SMK_B1_1_104,JPN,ca n't stop smoking .,It is free,to smoke however often and,1,0.182,0.636,random
W_JPN_SMK_A2_0_042,JPN,"Naturally ,",it is necessary,to divide the smoking seat,27,0.182,0.636,random
W_JPN_SMK_B1_1_042,JPN,"you smoke , of course",it is bad,for your health . In,18,0.182,0.636,random
W_JPN_SMK_A2_0_042,JPN,with or after eating .,It is natural,that the shop answers the,5,0.182,0.636,random
W_JPN_SMK_B1_1_099,JPN,well as non smokers .,It is hard,for them to find the,7,0.182,0.636,random
W_ENS_SMK_XX2_16,ENS,the non-smoker as well .,It is enough,that smokers blow smoke all,3,0.182,0.636,random
W_JPN_SMK_A2_0_093,JPN,ca n't ban smoking because,it is legal,. Therefore we must take,1,0.182,0.636,random
W_JPN_SMK_A2_0_051,JPN,"follow . In fact ,",it is clear,that smoking is one of,5,0.182,0.636,random
W_JPN_PTJ_A2_0_140,JPN,as part time worker .,It is good,thing that many college students,7,0.182,0.636,random
W_ENS_PTJ_XX1_025,ENS,I think that,it is great,for college students to have,6,0.182,0.636,random
W_ENS_SMK_XX2_03,ENS,", but I think that",it is OK,if there is plenty of,3,0.182,0.636,random
W_JPN_SMK_B1_1_145,JPN,", so I think that",it is absurd,for nonsmokers to become ill,1,0.182,0.636,random
W_ENS_SMK_XX1_041,ENS,"into their lungs , because",it is full,of bad stuff and makes,2,0.182,0.636,random
W_JPN_SMK_B1_1_163,JPN,"for observing the rule ,",it is necessary,to permit smoking . To,27,0.182,0.636,random
W_JPN_PTJ_B1_1_007,JPN,through part time jobs .,It is hard,to make money because I,7,0.182,0.636,random
W_JPN_PTJ_B1_1_146,JPN,"In college students relation ,",It is difficult,to say the miss and,10,0.182,0.636,random
W_JPN_PTJ_B1_1_043,JPN,", some people say that",it is ridiculous,for students to work for,3,0.182,0.636,random
W_JPN_SMK_B1_1_010,JPN,"two reasons . First ,",it is painful,for people who do n't,1,0.182,0.636,random
W_JPN_SMK_A2_0_119,JPN,it 's bad smell .,It is unendurable,for them who do n't,1,0.182,0.636,random
W_ENS_PTJ_XX3_27,ENS,"money to live on ,",it is essential,", rather than "" important",6,0.182,0.636,random
W_JPN_PTJ_A2_0_084,JPN,I think that,it is vary,important for college students to,1,0.182,0.636,random
W_JPN_SMK_A2_0_151,JPN,I think that,it is natural,to prohibit from smoking in,15,0.182,0.636,random
W_JPN_SMK_A2_0_023,JPN,school and etc . So,it is natural,to be banned at restaurants,15,0.182,0.636,random
W_ENS_SMK_XX1_076,ENS,"was not too hefty ,",it is enough,to discourage the average smoker,4,0.182,0.636,random
W_JPN_SMK_B1_1_023,JPN,n't go restaurants forever .,It is unfair,"for smokers . So ,",5,0.182,0.636,random
W_JPN_SMK_A2_0_095,JPN,tobacco gives person harms .,It is natural,that a smoking person takes,5,0.182,0.636,random
W_JPN_PTJ_B1_1_045,JPN,college students is studying .,It is nonsense,to being crazy for the,2,0.182,0.636,random
W_JPN_PTJ_A2_0_083,JPN,"But , I think that",it is bad,to work part time too,18,0.182,0.636,random
W_ENS_SMK_XX1_036,ENS,", I do not think",it is fair,for the habit of a,5,0.182,0.636,random
W_ENS_PTJ_XX1_030,ENS,"amount of money , but",it is enough,to have fun on the,4,0.182,0.636,random
W_ENS_SMK_XX1_074,ENS,I do n't really think,it is fair,. Whether or not it,5,0.182,0.636,random
W_JPN_SMK_B1_1_034,JPN,"smoking completely . Because ,",it is impossible,to separate air and smoke,14,0.182,0.636,random
W_ENS_SMK_XX1_085,ENS,of me without asking if,it is okay,even while I 'm still,7,0.182,0.636,random
W_JPN_PTJ_B1_1_045,JPN,important for young people .,It is mottainai,that students spend their time,1,0.182,0.636,random
W_JPN_SMK_B1_1_017,JPN,smoking is very bad .,It is sure,that smoking is not good,8,0.182,0.636,random
W_JPN_SMK_B1_1_098,JPN,smells terribly bad but also,it is bad,for our health . I,18,0.182,0.636,random
W_JPN_SMK_B1_1_104,JPN,be forced to do .,It is uncomfortable,to eat a meal being,1,0.182,0.636,random
W_JPN_SMK_B1_1_143,JPN,rights away . I think,it is desirable,to make smoking area and,4,0.182,0.636,random
W_ENS_PTJ_XX1_010,ENS,of my friends think that,it is unfair,that they do n't have,5,0.182,0.636,random
W_ENS_SMK_XX3_34,ENS,"that inhale secondary smoke ,",it is incredulous,to me that the Government,1,0.182,0.636,random
W_JPN_PTJ_A2_0_074,JPN,in this severe society .,It is necessary,to experience walking during college,7,0.182,0.636,random
W_JPN_SMK_B1_1_144,JPN,have troubled non smokers while,it is unknown,. The restaurant 's floor,1,0.182,0.636,random
W_JPN_SMK_A2_0_058,JPN,"sit down . So ,",it is nice,to be complete . Therefore,3,0.182,0.636,random
W_JPN_PTJ_B1_2_43,JPN,to become independence . So,it is desirable,that they have a part,4,0.182,0.636,random
W_JPN_SMK_B1_1_099,JPN,"as you know well ,",it is true,that cigarettes do harm to,10,0.182,0.636,random
W_ENS_PTJ_XX3_18,ENS,to job - hop while,it is permissible,in the eyes of society,1,0.182,0.636,random
W_JPN_SMK_B1_1_010,JPN,smoking in the restaurants .,It is enough,to make the non smoking,3,0.182,0.636,random
W_ENS_PTJ_XX3_43,ENS,effort . I think that,it is OK,if people have a part,3,0.182,0.636,random
W_JPN_PTJ_B1_2_02,JPN,". Therefore , I think",it is unimportant,for college students to have,2,0.182,0.636,random
W_JPN_SMK_A2_0_136,JPN,number of smoking place .,It is hard,to prohibit smoking all the,7,0.182,0.636,random
W_JPN_PTJ_B1_1_118,JPN,". Wherever we work ,",It is useful,the experience of working and,2,0.182,0.636,random
W_JPN_SMK_B1_2_36,JPN,seats for non smokers .,It is enough,to solve the problem .,3,0.182,0.636,random
W_JPN_PTJ_A2_0_045,JPN,gives us many things .,It is next,"things . First , of",1,0.182,0.636,random
W_JPN_SMK_A2_0_081,JPN,"healthy . I think ,",it is adult,manner to take care about,1,0.182,0.636,random
W_JPN_PTJ_B1_1_050,JPN,and its difficulty . Sometimes,it is hard,for me but I enjoy,10,0.182,0.636,random
W_JPN_SMK_A2_0_146,JPN,"they are smoking , but",it is temporary,pleasure . Smoking is incriminated,1,0.182,0.636,random
W_ENS_SMK_XX1_094,ENS,"the world , but if",it s legal,", it should be allowed",1,0.182,0.636,random
W_JPN_SMK_B1_1_179,JPN,young people become smokers although,it is clear,medically that smoking is very,5,0.182,0.636,random
W_JPN_SMK_B1_1_010,JPN,but we ca n't say,it is enough,. Because smoke really can,4,0.182,0.636,random
W_JPN_SMK_B1_1_057,JPN,. Although I understand that,it is impossible,to impose a duty of,14,0.182,0.636,random
W_JPN_SMK_B1_2_03,JPN,"tobacco , but also because",it is bad,for all people 's health,18,0.182,0.636,random
